method,domain,tercile,size_bin,occlusion,n,auc_mean,auc_median,auc_iqr,score_start_mean,score_start_median
d_rise,JAAD,low_conf,large,heavy,5,0.07545859214660701,0.09019375548141387,0.06684038586473326,0.20850171818470695,0.22144990485068403
d_rise,JAAD,low_conf,large,none,13,0.05872030046253045,0.03395303535728633,0.06341919690752927,0.2583928492908693,0.17525271733225015
d_rise,JAAD,low_conf,large,partial,15,0.053862074358833716,0.026886900748829556,0.08055128214536712,0.29388415565719217,0.2880587491723732
d_rise,JAAD,low_conf,medium,heavy,4,0.011487250591375134,0.010615103016675684,0.014723907146510416,0.06835929953418647,0.04020686237582339
d_rise,JAAD,low_conf,medium,none,34,0.04451358378064379,0.028998133692855785,0.061729425988932954,0.30326148340940823,0.3470428799626875
d_rise,JAAD,low_conf,medium,partial,10,0.021767277379635887,0.01665451254472037,0.014031599476961646,0.220930344519053,0.14902046375323255
d_rise,JAAD,low_conf,small,heavy,2,0.0001348737963296947,0.0001348737963296947,0.0001053913347691073,0.0012272981226686248,0.0012272981226686248
d_rise,JAAD,low_conf,small,none,17,0.00859902803775237,0.0009487914049725319,0.004096145697008915,0.07593927331112649,0.005693528248099289
d_rise,JAAD,mid_conf,large,none,31,0.09229788613484118,0.09731536133949509,0.07090544545761097,0.5443900669096775,0.6043875559711323
d_rise,JAAD,mid_conf,large,partial,5,0.11154865418519033,0.12253849219777728,0.05128662294345317,0.34323168723979264,0.41657294199366907
d_rise,JAAD,mid_conf,medium,heavy,4,0.014721493638168822,0.012735789901084756,0.026321726801313717,0.16247096537032285,0.13905952578859426
d_rise,JAAD,mid_conf,medium,none,47,0.05122851056102922,0.034268774219493495,0.057281652365953666,0.4209292910933548,0.468781648095072
d_rise,JAAD,mid_conf,medium,partial,5,0.027158567216452788,0.028544003545036573,0.0331674760786725,0.29563580808350864,0.42158836902229313
d_rise,JAAD,mid_conf,small,none,5,0.014947004866204924,0.01688212334525691,0.006453131524267292,0.2895757099050462,0.3342009347967621
d_rise,JAAD,high_conf,large,none,84,0.16824214327103512,0.1684016265593178,0.10076316534945372,0.7651139660855373,0.7822621896876607
d_rise,JAAD,high_conf,large,partial,4,0.24296503637420241,0.2403888397455401,0.02638269228588705,0.7192277395744164,0.745324835288468
d_rise,JAAD,high_conf,medium,heavy,2,0.11294565437123319,0.11294565437123319,0.06260196934669744,0.37829456179580695,0.37829456179580695
d_rise,JAAD,high_conf,medium,none,10,0.07416790648092804,0.07102138368268035,0.02913920097146834,0.6282310046561937,0.6306256801216694
d_rise,PIE,low_conf,large,heavy,8,0.09393645042245106,0.05234506479536343,0.11688548532502258,0.3236202359645335,0.24298093742595106
d_rise,PIE,low_conf,large,none,19,0.15011629990288525,0.15537326487675057,0.12204516364989818,0.462063727433192,0.506223971734984
d_rise,PIE,low_conf,large,partial,11,0.10198771983433258,0.1165718971509897,0.10379332497091415,0.2989439055721425,0.26289586851092095
d_rise,PIE,low_conf,medium,heavy,4,0.038228047349800495,0.012096776103131658,0.0448590056777226,0.11745637372808324,0.04667434806095356
d_rise,PIE,low_conf,medium,none,41,0.06458528352647623,0.05724414702928502,0.056578866592528206,0.3813892201219033,0.38429709185562305
d_rise,PIE,low_conf,medium,partial,7,0.06021852790608162,0.04344305749886241,0.06443899762640935,0.1691910443735081,0.19597262026011747
d_rise,PIE,low_conf,small,none,9,0.029254897643364215,0.015006371471428576,0.020093590207278023,0.17495612968979707,0.11215886158228486
d_rise,PIE,mid_conf,large,heavy,2,0.23304560877231778,0.23304560877231778,0.013639844520313749,0.6993490367485671,0.6993490367485671
d_rise,PIE,mid_conf,large,none,47,0.1531079906068781,0.1558649748921352,0.06898370689821147,0.621724925588638,0.6524913906745142
d_rise,PIE,mid_conf,large,partial,5,0.14797849362709872,0.12891688044392374,0.08727949851684183,0.5414957577593763,0.6145944915377249
d_rise,PIE,mid_conf,medium,heavy,3,0.05390364801818214,0.044100611182303,0.048562765308127184,0.41487723296024015,0.4504737294722495
d_rise,PIE,mid_conf,medium,none,40,0.09192321061432267,0.09455698021295503,0.07755475807196993,0.5584322947989054,0.616675793682388
d_rise,PIE,mid_conf,medium,partial,2,0.13245369807048984,0.13245369807048984,0.006697950204153452,0.31969349889846455,0.31969349889846455
d_rise,PIE,high_conf,large,heavy,3,0.25275347898976014,0.2627948825056282,0.03603217497032038,0.6971470549756065,0.6625338985177899
d_rise,PIE,high_conf,large,none,88,0.20258626967906637,0.20431895597918884,0.05880368095104252,0.7510770411528487,0.7745521267575937
d_rise,PIE,high_conf,large,partial,4,0.15043394673225557,0.14215725578020716,0.08223052712742654,0.5756817971629153,0.7144586911649631
d_rise,PIE,high_conf,medium,none,3,0.12915627821742395,0.16436956921134768,0.061443863766812726,0.7182646755203764,0.6964573933607702
eigencam,JAAD,low_conf,large,heavy,5,0.19506416018299785,0.17120640728818415,0.13913119951192393,0.20850171818470695,0.22144990485068403
eigencam,JAAD,low_conf,large,none,13,0.1425146724699948,0.06464082516531372,0.17765693789520529,0.2583928492908693,0.17525271733225015
eigencam,JAAD,low_conf,large,partial,15,0.18040855767879524,0.15993053446625377,0.2106875584397331,0.29388415565719217,0.2880587491723732
eigencam,JAAD,low_conf,medium,heavy,4,0.06534098805123519,0.07452993273143144,0.021182393021933935,0.06835929953418647,0.04020686237582339
eigencam,JAAD,low_conf,medium,none,34,0.2125812079841901,0.1807665312385536,0.2781857328656714,0.30326148340940823,0.3470428799626875
eigencam,JAAD,low_conf,medium,partial,10,0.12217279847497317,0.0604634012664714,0.10590998656354483,0.220930344519053,0.14902046375323255
eigencam,JAAD,low_conf,small,heavy,2,0.003130763154949276,0.003130763154949276,0.0022925359556174663,0.0012272981226686248,0.0012272981226686248
eigencam,JAAD,low_conf,small,none,17,0.05135271085092383,0.006192519821421428,0.04645229215468819,0.07593927331112649,0.005693528248099289
eigencam,JAAD,mid_conf,large,none,31,0.3350441417207052,0.3568642908440134,0.29546677259405857,0.5443900669096775,0.6043875559711323
eigencam,JAAD,mid_conf,large,partial,5,0.24208036883565068,0.24463320310259515,0.15217278760891534,0.34323168723979264,0.41657294199366907
eigencam,JAAD,mid_conf,medium,heavy,4,0.056010155517952645,0.043941535647041216,0.09263697670562612,0.16247096537032285,0.13905952578859426
eigencam,JAAD,mid_conf,medium,none,47,0.2696467862117201,0.24231679196287895,0.31511687755586937,0.4209292910933548,0.468781648095072
eigencam,JAAD,mid_conf,medium,partial,5,0.1382740938805503,0.08903899321679595,0.13801132337658106,0.29563580808350864,0.42158836902229313
eigencam,JAAD,mid_conf,small,none,5,0.045752025244316756,0.03377720929376991,0.0073565028295328565,0.2895757099050462,0.3342009347967621
eigencam,JAAD,high_conf,large,none,84,0.5312455191419916,0.5564847880987411,0.45380732719766914,0.7651139660855373,0.7822621896876607
eigencam,JAAD,high_conf,large,partial,4,0.5222203732292996,0.5525657037406668,0.11805157913470765,0.7192277395744164,0.745324835288468
eigencam,JAAD,high_conf,medium,heavy,2,0.2617457404191662,0.2617457404191662,0.09287287605593136,0.37829456179580695,0.37829456179580695
eigencam,JAAD,high_conf,medium,none,10,0.35332315955172955,0.31294547805815154,0.253735640638856,0.6282310046561937,0.6306256801216694
eigencam,PIE,low_conf,large,heavy,8,0.2227625006007866,0.1630307359330944,0.29673780284084855,0.3236202359645335,0.24298093742595106
eigencam,PIE,low_conf,large,none,19,0.320384844175753,0.26654220466638956,0.1925178234182784,0.462063727433192,0.506223971734984
eigencam,PIE,low_conf,large,partial,11,0.21244168373821218,0.16231961582359022,0.12917328088693808,0.2989439055721425,0.26289586851092095
eigencam,PIE,low_conf,medium,heavy,4,0.10876146651478615,0.016285066869985924,0.0991697990702857,0.11745637372808324,0.04667434806095356
eigencam,PIE,low_conf,medium,none,41,0.25870383334864844,0.24627728806818544,0.3437207542257659,0.3813892201219033,0.38429709185562305
eigencam,PIE,low_conf,medium,partial,7,0.11954371127923513,0.11505393994853794,0.05420319421067471,0.1691910443735081,0.19597262026011747
eigencam,PIE,low_conf,small,none,9,0.08147433465865292,0.005710623114941547,0.0674270634086683,0.17495612968979707,0.11215886158228486
eigencam,PIE,mid_conf,large,heavy,2,0.6353074314093633,0.6353074314093633,0.02925141554549371,0.6993490367485671,0.6993490367485671
eigencam,PIE,mid_conf,large,none,47,0.4384362068627629,0.46661948330147246,0.3799573947560804,0.621724925588638,0.6524913906745142
eigencam,PIE,mid_conf,large,partial,5,0.38606589088109344,0.32068530422237174,0.55185794703901,0.5414957577593763,0.6145944915377249
eigencam,PIE,mid_conf,medium,heavy,3,0.3003795964524956,0.193568432285957,0.19477134157116083,0.41487723296024015,0.4504737294722495
eigencam,PIE,mid_conf,medium,none,40,0.3906639697077699,0.41799086569558974,0.39303778916835386,0.5584322947989054,0.616675793682388
eigencam,PIE,mid_conf,medium,partial,2,0.22750949064713244,0.22750949064713244,0.11017234190638572,0.31969349889846455,0.31969349889846455
eigencam,PIE,high_conf,large,heavy,3,0.5252924242216853,0.6480052280307584,0.30786237363649904,0.6971470549756065,0.6625338985177899
eigencam,PIE,high_conf,large,none,88,0.5368795184610018,0.5764500751816497,0.4440063644102177,0.7510770411528487,0.7745521267575937
eigencam,PIE,high_conf,large,partial,4,0.5404119580879181,0.6506762076834245,0.25604775682779446,0.5756817971629153,0.7144586911649631
eigencam,PIE,high_conf,medium,none,3,0.4136255438531459,0.3174381480497485,0.2169567446159993,0.7182646755203764,0.6964573933607702
