method,domain,tercile,n,auc_mean,auc_median,auc_q1,auc_q3,auc_iqr,auc_ci_lo,auc_ci_hi,auc_norm_mean,auc_norm_median,auc_norm_q1,auc_norm_q3,auc_norm_iqr,auc_norm_ci_lo,auc_norm_ci_hi,score_start_mean,score_start_median,score_start_q1,score_start_q3,score_start_iqr,seed_sd_mean
d_rise,JAAD,low_conf,100,0.03872124831066635,0.017569730424870054,0.0030827098405112412,0.06395164551984192,0.06086893567933068,0.02992666354324711,0.04808137420248596,0.30953298553353376,0.13106486681059765,0.04791975104402936,0.2669539514800587,0.21903420043602934,0.2099951910009499,0.4237434501101376,0.22896931288344358,0.17083334363537225,0.028332595969174885,0.39947119181523383,0.37113859584605896,0.010913475852173234
d_rise,JAAD,mid_conf,100,0.06272071737663455,0.04562580510962294,0.018224359577383834,0.10444565457344854,0.0862212949960647,0.0523016666869211,0.07388270725615599,0.2737105008031091,0.1298866014580091,0.06629306839083254,0.2257259216472999,0.15943285325646736,0.14740813870916783,0.4898686128817033,0.43376989330867255,0.4830202164949897,0.2739719780016564,0.6233029961121377,0.3493310181104813,0.01419762660496508
d_rise,JAAD,high_conf,100,0.16071770553815504,0.16700867874582992,0.10638494183969395,0.217395064430718,0.11101012259102404,0.14741569834423313,0.17371399083027933,0.22502670861350796,0.20504301425917235,0.15857975866121174,0.2728264858840098,0.11424672722279808,0.20148631603929823,0.2532012942058044,0.7418538327963634,0.7684039499713515,0.6903523405259195,0.8305571250865582,0.14020478456063867,0.02342695983021446
d_rise,PIE,low_conf,100,0.08261708264895676,0.0647360197600835,0.021530624759432345,0.13040611796988177,0.10887549321044943,0.06886877853997336,0.09724232927595114,0.45482010927030153,0.17951217431485766,0.10381252598462719,0.34261929109368205,0.23880676510905485,0.20788007441006826,0.9230418654853927,0.33810764808340027,0.3427288996071235,0.2004963390023357,0.4981025265935922,0.2976061875912565,0.016756240952757646
d_rise,PIE,mid_conf,100,0.12529467536373898,0.12881231396842496,0.07763336586790337,0.16752593585705053,0.08989256998914716,0.11300917947535713,0.13766581910551148,0.2182180066745686,0.2177186104289156,0.13950953188736967,0.29338181114168677,0.1538722792543171,0.19832275541664135,0.2379312545717546,0.5773994166678053,0.6167234741921499,0.48330366367749644,0.7058275648483023,0.2225239011708059,0.02209783459042506
d_rise,PIE,high_conf,100,0.19985914716373018,0.20356688725013775,0.170312263840719,0.23518871863874377,0.06487645479802476,0.1891480303963125,0.21046075776418277,0.2757411291461171,0.2721688831567175,0.22980735764096216,0.32179683248569113,0.09198947484472897,0.2590291430311906,0.2929981406108598,0.7415977034538332,0.765736499879359,0.7029664377291882,0.8059107218950468,0.10294428416585855,0.02558410599350675
eigencam,JAAD,low_conf,100,0.15124250527399594,0.09079091945467031,0.01451911742377314,0.2414031375895289,0.22688402016575576,0.1216732915153289,0.1830940430728847,2.0163325309533477,0.6944296458401795,0.4264271443707732,0.9066869115034434,0.48025976713267016,0.7331308189822969,4.0277565312990244,0.22896931288344358,0.17083334363537225,0.028332595969174885,0.39947119181523383,0.37113859584605896,0.0
eigencam,JAAD,mid_conf,100,0.26369136964807444,0.23635440660263163,0.08395901780814662,0.39767002476183444,0.3137110069536878,0.22509673622298576,0.30372199456584326,0.7065648288933913,0.6834355850610001,0.35603436020575385,0.9065289895438052,0.5504946293380514,0.6062465658745322,0.8188678086812704,0.43376989330867255,0.4830202164949897,0.2739719780016564,0.6233029961121377,0.3493310181104813,0.0
eigencam,JAAD,high_conf,100,0.5077022817720012,0.5278339781577316,0.28222001311130107,0.7217213545575287,0.43950134144622766,0.4606013791112678,0.5533920038885363,0.685842152962258,0.754551707965744,0.3854048808658168,0.9626049015467236,0.5772000206809068,0.6304097863635164,0.7409204965716135,0.7418538327963634,0.7684039499713515,0.6903523405259195,0.8305571250865582,0.14020478456063867,0.0
eigencam,PIE,low_conf,100,0.23108047729481063,0.1846617452847618,0.07853914440894555,0.35396108144443195,0.2754219370354864,0.19589582585188275,0.2676869643205555,0.7888713954563955,0.7574837730883701,0.39248624655986303,0.9617591859667459,0.569272939406883,0.6302740758848601,1.022841795642911,0.33810764808340027,0.3427288996071235,0.2004963390023357,0.4981025265935922,0.2976061875912565,0.0
eigencam,PIE,mid_conf,100,0.4084355189546687,0.41833773043680395,0.19705279327155298,0.6122460128048943,0.4151932195333413,0.3636708402862918,0.4518617581005035,0.8254624245495334,0.8566170415378256,0.3811082962266399,0.9862015148136396,0.6050932185869997,0.6614540633826627,1.1035664017571554,0.5773994166678053,0.6167234741921499,0.48330366367749644,0.7058275648483023,0.2225239011708059,0.0
eigencam,PIE,high_conf,100,0.5371203540746597,0.5933430420731733,0.3153903716244639,0.7532479438571779,0.43785757223271393,0.49367190635709,0.5807882634604093,0.7323814243393844,0.9248661180703213,0.4277193692248623,0.9858963392070546,0.5581769699821922,0.6746175142722189,0.7886066930884064,0.7415977034538332,0.765736499879359,0.7029664377291882,0.8059107218950468,0.10294428416585855,0.0
