method,s0_bin,metric,pie_mean,jaad_mean,gap_pie_minus_jaad,gap_ci_lo,gap_ci_hi,pie_median,jaad_median,median_gap_pie_minus_jaad,pie_iqr,jaad_iqr,cliffs_delta,p_raw,n_pie,n_jaad,f0_pie_mean,f0_jaad_mean,f0_gap_pie_minus_jaad,f0_abs_gap,f0_pie_median,f0_jaad_median,p_holm
d_rise,"(-0.001, 0.2]",auc_norm,0.9369081875786055,0.5354126098487102,0.4014955777298953,-0.5733944701181741,2.045484478908436,0.12641345588058173,0.14111622867117188,-0.014702772790590152,0.24394660509596736,0.4074222139419806,-0.056140350877192935,0.6560641875381223,30,76,0.08876977411890077,0.05867341051304266,0.030096363605858115,0.030096363605858115,0.10259513006468304,0.03204411292741466,0.6560641875381223
d_rise,"(0.2, 0.4]",auc_norm,0.2627048200851985,0.15437646374295189,0.10832835634224663,0.03845604113433537,0.17499802057796016,0.2378737527157327,0.09007895649824728,0.14779479621748542,0.20729767140651773,0.14865414821952005,0.44042553191489353,0.0004288740941898833,47,40,0.30364057537242584,0.3164791244290976,-0.012838549056671755,0.012838549056671755,0.2965164049090379,0.32721930362456075,0.0017154963767595332
d_rise,"(0.4, 0.6]",auc_norm,0.24681992037723047,0.1660128934089351,0.08080702696829536,0.04091386192765615,0.12089733951037908,0.2378254035134681,0.1566644570134036,0.0811609465000645,0.21186165342248658,0.12618612304919272,0.34521263958184845,0.0007068763240485231,69,61,0.5104382883689447,0.5032381656906475,0.007200122678297172,0.007200122678297172,0.5208018025813735,0.5007340140422927,0.002120628972145569
d_rise,"(0.6, 0.8]",auc_norm,0.24249479535400517,0.1761311638865753,0.06636363146742988,0.04151575375265648,0.09041291064574945,0.24998228504972791,0.16647754590461536,0.08350473914511256,0.1298986321832162,0.14514144091098427,0.41185994737907317,6.914123779529001e-07,122,81,0.7121765860120988,0.7057782089611591,0.0063983770509397075,0.0063983770509397075,0.7213329740146459,0.6977962137816666,3.4570618897645002e-06
d_rise,"(0.8, 1.0]",auc_norm,0.2440191499537097,0.22779028152470007,0.01622886842900964,-0.012655148138481205,0.044069234693981725,0.2442470780439826,0.2278493995922538,0.016397678451728792,0.05215253628530958,0.09865391778016513,0.16369047619047628,0.23218747649807647,32,42,0.8334528488593622,0.8446523021359384,-0.011199453276576232,0.011199453276576232,0.831521149622709,0.8414543213715717,0.46437495299615295
eigencam,"(-0.001, 0.2]",auc_norm,1.484094831805677,2.559758074281908,-1.0756632424762311,-3.8807198776049723,1.0018016742756821,0.8212707761598762,0.7274019412705549,0.0938688348893213,0.5358767133023434,0.6151487297936042,0.0008771929824560321,0.997202046539563,30,76,0.08876977411890077,0.05867341051304266,0.030096363605858115,0.030096363605858115,0.10259513006468304,0.03204411292741466,1.0
eigencam,"(0.2, 0.4]",auc_norm,0.6751170421306966,0.6656578392810512,0.00945920284964541,-0.12213724626726397,0.14666780915967143,0.7537234796577594,0.6873665287105879,0.06635695094717153,0.5925397525288751,0.5654039875045652,0.03404255319148941,0.7884873094284208,47,40,0.30364057537242584,0.3164791244290976,-0.012838549056671755,0.012838549056671755,0.2965164049090379,0.32721930362456075,1.0
eigencam,"(0.4, 0.6]",auc_norm,0.6914497114342385,0.6315309130669656,0.059918798367272874,-0.03904148918017122,0.15851134611287437,0.8041201523149439,0.6921952811876955,0.11192487112724847,0.5882475015251794,0.4811843898193689,0.17177476835352823,0.09215871904968219,69,61,0.5104382883689447,0.5032381656906475,0.007200122678297172,0.007200122678297172,0.5208018025813735,0.5007340140422927,0.36863487619872876
eigencam,"(0.6, 0.8]",auc_norm,0.7244126681948378,0.640750023240087,0.08366264495475084,0.0002402218275623047,0.16609314014541499,0.9248661180703213,0.6780096934215234,0.24685642464879787,0.5932419969329515,0.556438236459255,0.16656547257640164,0.04477838153228967,122,81,0.7121765860120988,0.7057782089611591,0.0063983770509397075,0.0063983770509397075,0.7213329740146459,0.6977962137816666,0.22389190766144834
eigencam,"(0.8, 1.0]",auc_norm,0.6978063403589265,0.6971877734452532,0.0006185669136733463,-0.13174130537126333,0.12938632020311863,0.7441913143527592,0.8369500384503434,-0.09275872409758423,0.5386129418395715,0.6142718211046525,0.07738095238095233,0.5741766128074997,32,42,0.8334528488593622,0.8446523021359384,-0.011199453276576232,0.011199453276576232,0.831521149622709,0.8414543213715717,1.0
