method,scope,x,spearman_rho,p,n
d_rise,ALL,score_start,0.7620134923715628,5.981804134952413e-115,600
d_rise,ALL,confidence,0.6394808318911996,2.662666636559058e-70,600
d_rise,JAAD,score_start,0.823008569318394,3.554494706815501e-75,300
d_rise,JAAD,confidence,0.6655162835142613,9.597591024849666e-40,300
d_rise,PIE,score_start,0.6983375370837454,3.476492182729487e-45,300
d_rise,PIE,confidence,0.6416204624495828,3.372273054331667e-36,300
d_rise,JAAD/low_conf,score_start,0.7967836783678367,3.644850226970289e-23,100
d_rise,JAAD/low_conf,confidence,-0.07284728472847284,0.4713576002692291,100
d_rise,JAAD/mid_conf,score_start,0.6218980555025155,4.998652726152194e-12,100
d_rise,JAAD/mid_conf,confidence,0.3634083408340834,0.00020216685450398137,100
d_rise,JAAD/high_conf,score_start,0.4565616561656165,1.8030778727615224e-06,100
d_rise,JAAD/high_conf,confidence,0.36712871287128707,0.00017181433919161022,100
d_rise,PIE/low_conf,score_start,0.729096909690969,7.93811659194243e-18,100
d_rise,PIE/low_conf,confidence,0.029570957095709567,0.770244080945982,100
d_rise,PIE/mid_conf,score_start,0.487020702070207,2.773888046472984e-07,100
d_rise,PIE/mid_conf,confidence,0.5011461146114611,1.0928397299701554e-07,100
d_rise,PIE/high_conf,score_start,0.2177497749774977,0.029532335502983148,100
d_rise,PIE/high_conf,confidence,0.3854185418541854,7.49971192814922e-05,100
eigencam,ALL,score_start,0.7444080536005974,5.628538542010418e-107,600
eigencam,ALL,confidence,0.5725127014241705,1.5200105592321147e-53,600
eigencam,JAAD,score_start,0.8001969799883359,3.916072453150882e-68,300
eigencam,JAAD,confidence,0.5880834231491461,2.68557165227062e-29,300
eigencam,PIE,score_start,0.6764070711896798,1.7986930308572455e-41,300
eigencam,PIE,confidence,0.5450780564228491,1.2907969339915603e-24,300
eigencam,JAAD/low_conf,score_start,0.9199879987998798,1.193660655604214e-41,100
eigencam,JAAD/low_conf,confidence,-0.10757875787578755,0.2867141307031019,100
eigencam,JAAD/mid_conf,score_start,0.6637943708231822,5.192308609439627e-14,100
eigencam,JAAD/mid_conf,confidence,0.37521752175217515,0.0001198029848950417,100
eigencam,JAAD/high_conf,score_start,0.42145814581458135,1.2607241210608046e-05,100
eigencam,JAAD/high_conf,confidence,0.23672367236723668,0.017726423933406833,100
eigencam,PIE/low_conf,score_start,0.7912991299129911,1.1647926657498337e-22,100
eigencam,PIE/low_conf,confidence,0.012289228922892288,0.9034123955241488,100
eigencam,PIE/mid_conf,score_start,0.5391419141914191,7.160354344153245e-09,100
eigencam,PIE/mid_conf,confidence,0.32727272727272727,0.0008886154081722889,100
eigencam,PIE/high_conf,score_start,0.2849444944494449,0.004060260558974602,100
eigencam,PIE/high_conf,confidence,0.26790279027902786,0.0070432323227869005,100
